"","SITE_ID","ECO_TYPE","LAT","LON"
"1","CBP_WQX-LE1.1","River/Stream",38.42535,-76.60176
"2","CBP_WQX-EE3.2","River/Stream",37.98139,-75.92423
"3","CBP_WQX-EE3.0","River/Stream",38.28093,-76.01033
"4","CBP_WQX-ET5.2","River/Stream",38.5807,-76.0587
"5","CBP_WQX-TF1.5","River/Stream",38.71012,-76.70146
"6","CBP_WQX-RET2.4","River/Stream",38.3626,-76.99063
"7","CBP_WQX-ET4.1","River/Stream",39.2437,-75.9249
"8","CBP_WQX-EE2.2","River/Stream",38.52609,-76.30408
"9","CBP_WQX-MAT0016","River/Stream",38.56508,-77.19345
"10","CBP_WQX-TF1.0","River/Stream",38.95557,-76.69411
"11","CBP_WQX-WT3.1","River/Stream",39.30538,-76.40954
"12","CBP_WQX-RET1.1","River/Stream",38.4909,-76.66429
"13","CBP_WQX-WXT0001","River/Stream",38.78538,-76.71343
"14","CBP_WQX-WT8.2","River/Stream",38.88696,-76.5349
"15","CBP_WQX-TF2.3","River/Stream",38.6082,-77.1739
"16","CBP_WQX-ET7.1","River/Stream",38.26783,-75.78793
"17","CBP_WQX-TF1.6","River/Stream",38.65845,-76.68381
"18","CBP_WQX-WT4.1","River/Stream",39.27755,-76.44368
"19","CBP_WQX-TF2.4","River/Stream",38.5301,-77.2654
"20","CBP_WQX-LE2.2","River/Stream",38.1576,-76.598
"21","CBP_WQX-ET3.1","River/Stream",39.36415,-75.88203
"22","CBP_WQX-ET1.1","River/Stream",39.56976,-75.96782
"23","CBP_WQX-LE1.2","River/Stream",38.37887,-76.51132
"24","CBP_WQX-CB5.1W","River/Stream",38.32522,-76.37574
"25","CBP_WQX-LE1.3","River/Stream",38.3398,-76.4849
"26","CBP_WQX-ET8.1","River/Stream",38.13794,-75.81411
"27","CBP_WQX-TF1.7","River/Stream",38.58211,-76.68101
"28","CBP_WQX-ET6.2","River/Stream",38.34133,-75.88834
"29","CBP_WQX-ET9.1","River/Stream",38.055,-75.80167
"30","CBP_WQX-LE1.4","River/Stream",38.312,-76.42151
"31","CBP_WQX-ET2.2","River/Stream",39.46704,-75.87368
"32","CBP_WQX-TF2.2","River/Stream",38.69067,-77.11111
"33","CBP_WQX-TF2.1","River/Stream",38.70664,-77.04876
"34","CBP_WQX-TF1.3","River/Stream",38.81092,-76.71227
"35","CBP_WQX-ET4.2","River/Stream",38.99233,-76.2151
"36","CBP_WQX-WT1.1","River/Stream",39.43511,-76.24205
"37","CBP_WQX-PIS0033","River/Stream",38.69842,-76.98673
"38","CBP_WQX-EE2.1","River/Stream",38.6549,-76.2643
"39","CBP_WQX-XFB1986","River/Stream",38.69787,-77.02317
"40","CBP_WQX-MAT0078","River/Stream",38.58852,-77.11865
"41","CBP_WQX-TF1.2","Channelized Stream",38.8143,-76.75087
"42","CBP_WQX-SMNT07","River/Stream",38.27267,-76.512
"43","CBP_WQX-WT8.1","River/Stream",38.9496,-76.5461
"44","CBP_WQX-EE3.1","River/Stream",38.19685,-75.97321
"45","CBP_WQX-ET2.3","River/Stream",39.50873,-75.89783
"46","CBP_WQX-RET2.2","River/Stream",38.3525,-77.2051
"47","CBP_WQX-ET6.1","River/Stream",38.54833,-75.70306
"48","CBP_WQX-WT5.1","River/Stream",39.21309,-76.52254
"49","CBP_WQX-ET2.1","River/Stream",39.5293,-75.81135
"50","CBP_WQX-ET5.1","River/Stream",38.80645,-75.90971
"51","CBP_WQX-TF1.4","River/Stream",38.77302,-76.70927
"52","CBP_WQX-EE1.1","River/Stream",38.88,-76.2515
"53","CBP_WQX-RET2.1","River/Stream",38.4035,-77.2691
"54","CBP_WQX-WT7.1","River/Stream",39.00764,-76.5035
"55","CBP_WQX-WT6.1","River/Stream",39.07851,-76.51005
"56","CBP_WQX-SMNT03","River/Stream",38.25217,-76.53267
"57","CBP_WQX-SMNT11","River/Stream",38.22434,-76.45533
"58","CBP_WQX-WT2.1","River/Stream",39.37747,-76.33465
"59","CBP_WQX-SMNT13","River/Stream",38.20167,-76.41917
"60","CBP_WQX-ET10.1","River/Stream",38.07614,-75.57125
"61","CBP_WQX-WT8.3","River/Stream",38.8425,-76.5341
"62","CBP_WQX-SMNT09","River/Stream",38.24166,-76.5035
"63","CBP_WQX-EE3.3","River/Stream",37.91455,-75.80148
"64","CBP_WQX-SMNT10","River/Stream",38.23067,-76.465
"65","CBP_WQX-SMNT08","River/Stream",38.25267,-76.50684
"66","CBP_WQX-SMNT02","River/Stream",38.22066,-76.48967
"67","CBP_WQX-SMNT14","River/Stream",38.16239,-76.40046
"68","CBP_WQX-SMNT05","River/Stream",38.28133,-76.51717
"69","CBP_WQX-SMNT04","River/Stream",38.2525,-76.54134
"70","CBP_WQX-SMNT12","River/Stream",38.22933,-76.42883
"71","CBP_WQX-SMNT01","River/Stream",38.16583,-76.50133
"72","CBP_WQX-SMNT06","River/Stream",38.27917,-76.51334
"73","CBP_WQX-SMNT09.5","River/Stream",38.23672,-76.5009
"74","CBP_WQX-SMT06","River/Stream",38.151,-76.4495
"75","CBP_WQX-SMT02","River/Stream",38.21017,-76.46567
"76","CBP_WQX-SMT07","River/Stream",38.11183,-76.44334
"77","CBP_WQX-SMT09","River/Stream",38.16517,-76.52
"78","UTEMTN-MR@SLURRY DROP","River/Stream",37.245139,-108.35569
"79","CBP_WQX-SMT04","River/Stream",38.18867,-76.43984
"80","CBP_WQX-XHF5340","River/Stream",39.0892,-76.4329
"81","CBP_WQX-HOK0005","River/Stream",38.1889,-76.2653
"82","CBP_WQX-XDE4587","River/Stream",38.4088,-76.5218
"83","CBP_WQX-XHF4727","River/Stream",39.0787,-76.4556
"84","CBP_WQX-MDR0038","River/Stream",39.3145,-76.42478
"85","CBP_WQX-XIH0077","River/Stream",39.1667,-76.0387
"86","CBP_WQX-XHE1973","River/Stream",39.03162,-76.54535
"87","CBP_WQX-TRQ0088","River/Stream",38.41722,-75.99361
"88","CBP_WQX-PXT0311","River/Stream",38.6263,-76.6768
"89","CBP_WQX-CHE0348","River/Stream",39.2403,-75.9586
"90","CBP_WQX-XHE2258","River/Stream",39.0371,-76.5695
"91","CBP_WQX-XCH8097","River/Stream",38.30003,-76.00557
"92","CBP_WQX-PXT0455","River/Stream",38.78128,-76.7137
"93","CBP_WQX-MDR0002","River/Stream",39.2935,-76.3856
"94","CBP_WQX-SEV0116","River/Stream",39.0818,-76.6112
"95","CBP_WQX-FRG0018","River/Stream",39.33305,-76.40514
"96","CBP_WQX-TF4.0M","Channelized Stream",37.88389,-77.16528
"97","CBP_WQX-TF5.0J","Channelized Stream",37.67111,-78.0858
"98","CBP_WQX-MTI0015","River/Stream",38.74332,-76.70744
"99","CBP_WQX-XJG7035","River/Stream",39.45078,-76.27457
"100","CBP_WQX-XIG8710","River/Stream",39.31147,-76.3176
"101","CBP_WQX-XHF3719","River/Stream",39.06102,-76.47017
"102","CBP_WQX-XED0694","River/Stream",38.5104,-76.6773
"103","CBP_WQX-XJG7856","River/Stream",39.462,-76.2407
"104","CBP_WQX-XEE3604","River/Stream",38.5605,-76.6605
"105","CBP_WQX-MDR0028","River/Stream",39.3145,-76.42478
"106","CBP_WQX-CTT0001","River/Stream",39.08497,-76.52428
"107","CBP_WQX-WXT0013","River/Stream",38.796,-76.7208
"108","CBP_WQX-XJG4337","River/Stream",39.40389,-76.27275
"109","CBP_WQX-XDJ9007","River/Stream",38.48375,-75.82098
"110","CBP_WQX-CCM0069","River/Stream",38.44167,-75.90556
"111","CBP_WQX-XCH4378","River/Stream",38.23858,-76.03598
"112","CBP_WQX-XHF3339","River/Stream",39.0562,-76.4358
"113","CBP_WQX-XHG6496","River/Stream",39.1063,-76.173
"114","CBP_WQX-XFD1283","River/Stream",38.6863,-76.6958
"115","CBP_WQX-TF3.0","Channelized Stream",38.32236,-77.51806
"116","CBP_WQX-XHE1284","River/Stream",39.0208,-76.5263
"117","CBP_WQX-XHF5111","River/Stream",39.08657,-76.4329
"118","CBP_WQX-XCI4821","River/Stream",38.24675,-75.96413
"119","CBP_WQX-XHG0859","River/Stream",39.0139,-76.2349
"120","CBP_WQX-FRG0002","River/Stream",39.3136,-76.40628
"121","CBP_WQX-XJG6745","River/Stream",39.44482,-76.25823
"122","CBP_WQX-XCI4078","River/Stream",38.23379,-75.86963
"123","CBP_WQX-WIW0141","River/Stream",38.34153,-75.69569
"124","CBP_WQX-TF5.0A","Channelized Stream",37.22445,-77.47555
"125","CBP_WQX-TF4.0P","Channelized Stream",37.7675,-77.3325
"126","CBP_WQX-XGF8027","River/Stream",38.9681,-76.4539
"127","CBP_WQX-XHG1579","River/Stream",39.0257,-76.2017
"128","CBP_WQX-XCF9029","River/Stream",38.3167,-76.4526
"129","CBP_WQX-MNK0146","River/Stream",38.175,-75.72361
"130","CBP_WQX-XAK7810","River/Stream",37.96395,-75.65047
"131","CBP_WQX-XJF0588","River/Stream",39.34133,-76.35371
"132","CBP_WQX-XHH6419","River/Stream",39.1076,-76.1345
"133","CBP_WQX-XHH4822","River/Stream",39.0804,-76.1303
"134","CBP_WQX-XJF0821","River/Stream",39.34623,-76.29995
"135","CBP_WQX-XJG2718","River/Stream",39.38153,-76.3043
"136","CBP_WQX-XDI1306","River/Stream",38.35545,-75.99012
"137","CBP_WQX-XIH3581","River/Stream",39.2252,-76.0314
"138","CBP_WQX-BXK0031","River/Stream",38.1355,-75.751
"139","CBP_WQX-XJG1149","River/Stream",39.35252,-76.24895
"140","CBP_WQX-NOM0007","River/Stream",39.30127,-76.43044
"141","CBP_WQX-XHH7848","River/Stream",39.1298,-76.08772
"142","CBP_WQX-XIH1458","River/Stream",39.20402,-76.06277
"143","CBP_WQX-XCI5506","River/Stream",38.22583,-75.98915
"144","CBP_WQX-PXT0435","River/Stream",38.7571,-76.6993
"145","CBP_WQX-XGG9992","River/Stream",38.9995,-76.1791
"146","CBP_WQX-TRQ0146","River/Stream",38.46556,-76.00056
"147","CBP_WQX-XJG2340","River/Stream",39.36972,-76.2675
"148","CBP_WQX-XJF4289","River/Stream",39.4019,-76.35163
"149","CBP_WQX-XEE1502","River/Stream",38.5253,-76.664
"150","CBP_WQX-XHE3170","River/Stream",39.0515,-76.5506
"151","CBP_WQX-XHH9362","River/Stream",39.15542,-76.06412
"152","CBP_WQX-XJG4451","River/Stream",39.41072,-76.24762
"153","CBP_WQX-XHF3230","River/Stream",39.0532,-76.4494
"154","CBP_WQX-XIH4495","River/Stream",39.23868,-76.00343
"155","CBP_WQX-XJF2675","River/Stream",39.37907,-76.37708
"156","CBP_WQX-XHF0206","River/Stream",39.0029,-76.4906
"157","CBP_WQX-POK0087","River/Stream",38.03972,-75.66084
"158","CBP_WQX-XCH8973","River/Stream",38.31555,-76.04472
"159","CBP_WQX-GYI0001","River/Stream",39.09,-76.2003
"160","CBP_WQX-XJG0006","River/Stream",39.33349,-76.32375
"161","CBP_WQX-SMT13","River/Stream",38.13837,-76.50443
"162","CBP_WQX-SMSMC","River/Stream",38.18933,-76.43367
"163","CBP_WQX-XCF1336","River/Stream",38.1887,-76.4398
"164","CBP_WQX-XGF5404","River/Stream",38.9238,-76.4928
"165","CBP_WQX-XGE0284","River/Stream",38.8367,-76.5279
"166","CBP_WQX-XGG5932","River/Stream",38.9326,-76.2794
"167","CBP_WQX-XBF9130","River/Stream",38.151,-76.4495
"168","CBP_WQX-XGE7059","River/Stream",38.9495,-76.5687
"169","CBP_WQX-XBF6843","River/Stream",38.1135,-76.4285
"170","CBP_WQX-XGE2488","River/Stream",38.8737,-76.5209
"171","CBP_WQX-XGG3479","River/Stream",38.8909,-76.2007
"172","CBP_WQX-XFH7523","River/Stream",38.7926,-76.1282
"173","CBP_WQX-XGE3275","River/Stream",38.886,-76.5415
"174","CBP_WQX-XCF2621","River/Stream",38.21017,-76.46567
"175","CBP_WQX-XGF0681","River/Stream",38.844,-76.3653
"176","CBP_WQX-XFG9164","River/Stream",38.8194,-76.2259
"177","CBP_WQX-XGE6281","River/Stream",38.9369,-76.5314
"178","CBP_WQX-XFB2184","River/Stream",38.70157,-77.02593
"179","CBP_WQX-XHF0460","River/Stream",39.0075,-76.40033
"180","CBP_WQX-XFB5581","River/Stream",38.7592,-77.0312
"181","CBP_WQX-XGG5115","River/Stream",38.9191,-76.3073
"182","CBP_WQX-SMT10","River/Stream",38.16567,-76.41766
"183","CBP_WQX-XGG5959","River/Stream",38.9312,-76.234
"184","CBP_WQX-XIE5748","River/Stream",39.2613,-76.5863
"185","CBP_WQX-XFB0231","River/Stream",38.66993,-77.11513
"186","CBP_WQX-XGG2084","River/Stream",38.867,-76.1929
"187","CBP_WQX-XGE5492","River/Stream",38.9234,-76.5132
"188","CBP_WQX-XHF0561","River/Stream",39.01647,-76.39488
"189","CBP_WQX-XGG4301","River/Stream",38.9057,-76.3306
"190","CBP_WQX-XGF1780","River/Stream",38.8606,-76.533
"191","CBP_WQX-ZDM0001","River/Stream",38.93598,-76.50771
"192","CBP_WQX-XBF9949","River/Stream",38.1657,-76.4177
"193","CBP_WQX-ZDM0002","River/Stream",38.93648,-76.50738
"194","CBP_WQX-XEA3687","River/Stream",38.55925,-77.1887
"195","CBP_WQX-XBE8396","River/Stream",38.1378,-76.5058
"196","CBP_WQX-XFG9210","River/Stream",38.82,-76.316
"197","CBP_WQX-XFB1839","River/Stream",38.6961,-77.1022
"198","CBP_WQX-SGC0041","River/Stream",38.166,-76.521
"199","CBP_WQX-XGG4898","River/Stream",38.9135,-76.1689
"200","CBP_WQX-POK0014","River/Stream",37.98111,-75.6375
"201","CBP_WQX-SMT01","River/Stream",38.22567,-76.49033
"202","CBP_WQX-ANA0082","River/Stream",38.93893,-76.94344
"203","CBP_WQX-XBM8828","River/Stream",38.14825,-75.28622
"204","CBP_WQX-NPA0165","Channelized Stream",39.48278,-76.88209
"205","CBP_WQX-XEG3623","River/Stream",38.5601,-76.294
"206","CBP_WQX-GWN0115","Channelized Stream",39.34279,-76.72639
"207","CBP_WQX-SAV0000","River/Stream",39.4806,-79.06806
"208","CBP_WQX-MON0020","River/Stream",39.27171,-77.44157
"209","CBP_WQX-XEG2646","River/Stream",38.5427,-76.25588
"210","CBP_WQX-XHH3851","River/Stream",39.06283,-76.08162
"211","CBP_WQX-BEL0053","Channelized Stream",39.61222,-75.81694
"212","CBP_WQX-POT1595","River/Stream",39.27348,-77.54367
"213","CBP_WQX-BDK0000","River/Stream",39.67048,-78.79081
"214","CBP_WQX-POT1472","River/Stream",39.15551,-77.52232
"215","CBP_WQX-CON0005","River/Stream",39.60324,-77.8216
"216","CBP_WQX-MON0269","River/Stream",39.48027,-77.38939
"217","CBP_WQX-CJB0005","River/Stream",38.97345,-77.14883
"218","CBP_WQX-MON0546","Channelized Stream",39.69645,-77.23947
"219","CBP_WQX-NBP0689","River/Stream",39.38935,-79.17936
"220","CBP_WQX-XEG1995","River/Stream",38.5283,-76.1791
"221","CBP_WQX-DER0015","Channelized Stream",39.62348,-76.16477
"222","CBP_WQX-XGG6667","River/Stream",38.9428,-76.2216
"223","CBP_WQX-XGE5984","River/Stream",38.93147,-76.5268
"224","CBP_WQX-ANT0203","River/Stream",39.59463,-77.71079
"225","CBP_WQX-ANT0366","Channelized Stream",39.71599,-77.60822
"226","CBP_WQX-POT1471","River/Stream",39.15442,-77.52125
"227","CBP_WQX-JON0184","River/Stream",39.40871,-76.74277
"228","CBP_WQX-POT2766","River/Stream",39.53865,-78.45449
"229","CBP_WQX-POT1596","River/Stream",39.27208,-77.5479
"230","CBP_WQX-XEG4991","River/Stream",38.58217,-76.18211
"231","CBP_WQX-MON0528","River/Stream",39.67917,-77.23489
"232","CBP_WQX-WIL0013","Channelized Stream",39.66185,-78.78029
"233","CBP_WQX-MON0155","River/Stream",39.38778,-77.3811
"234","CBP_WQX-ANT0047","Channelized Stream",39.45037,-77.73165
"235","CBP_WQX-XHH5046","River/Stream",39.08323,-76.10732
"236","CBP_WQX-ANT0044","River/Stream",39.45037,-77.73165
"237","CBP_WQX-CAC0031","River/Stream",39.33178,-77.58018
"238","CBP_WQX-GEO0009","Channelized Stream",39.49364,-79.0447
"239","CBP_WQX-XBF6734","River/Stream",38.11183,-76.44334
"240","CBP_WQX-NBP0103","River/Stream",39.58268,-78.73145
"241","CBP_WQX-SEN0008","River/Stream",39.07958,-77.33964
"242","CBP_WQX-BPC0035","River/Stream",39.61218,-77.2382
"243","CBP_WQX-RCM0111","River/Stream",38.99302,-77.06303
"244","CBP_WQX-CAC0148","Channelized Stream",39.42578,-77.559
"245","CBP_WQX-TUK0181","Channelized Stream",38.96713,-75.94312
"246","CBP_WQX-CB1.0","River/Stream",39.65622,-76.17504
"247","CBP_WQX-NBP0023","River/Stream",39.57447,-78.61537
"248","CBP_WQX-POT1184","River/Stream",38.94821,-77.12734
"249","CBP_WQX-POT2386","River/Stream",39.69742,-78.1763
"250","CBP_WQX-GUN0258","Channelized Stream",39.55064,-76.63586
"251","CBP_WQX-PAT0176","River/Stream",39.21781,-76.70534
"252","CBP_WQX-XEG0138","River/Stream",38.5023,-76.2708
"253","CBP_WQX-GUN0125","River/Stream",39.42562,-76.52889
"254","CBP_WQX-PAT0285","River/Stream",39.31245,-76.79224
"255","CBP_WQX-1APOM002.41","River/Stream",38.3475,-77.3275
"256","CBP_WQX-PXT0809","River/Stream",39.1168,-76.87493
"257","CBP_WQX-PXT0972","Channelized Stream",39.23931,-77.05619
"258","CBP_WQX-XGG8251","River/Stream",38.97113,-76.24734
"259","CBP_WQX-GUN0476","River/Stream",39.68936,-76.78047
"260","CBP_WQX-NBP0534","River/Stream",39.47922,-79.06802
"261","CBP_WQX-CON0180","Channelized Stream",39.71605,-77.82505
"262","CBP_WQX-NBP0461","River/Stream",39.44491,-78.97175
"263","CBP_WQX-NBP0326","River/Stream",39.56677,-78.83891
"264","CBP_WQX-TOW0030","Channelized Stream",39.55304,-78.55339
"265","CBP_WQX-ET5.0","River/Stream",38.99719,-75.78644
"266","CBP_WQX-POT1830","River/Stream",39.43508,-77.80266
"267","CBP_WQX-1AAUA003.71","River/Stream",38.42305,-77.35528
"268","CBP_WQX-XFG3973","River/Stream",38.7323,-76.2125
"269","CBP_WQX-XCE2643","River/Stream",38.2092,-76.596
"270","CBP_WQX-XCD5599","River/Stream",38.259,-76.6713
"271","CBP_WQX-TUK0022","River/Stream",38.8312,-75.9143
"272","CBP_WQX-XFG4620","River/Stream",38.7433,-76.2999
"273","CBP_WQX-XCI3696","River/Stream",38.2261,-75.8395
"274","CBP_WQX-XHH4931","River/Stream",39.0812,-76.1149
"275","CBP_WQX-WIW0198","River/Stream",38.3519,-75.6198
"276","CBP_WQX-XEH5622","River/Stream",38.5935,-76.1288
"277","CBP_WQX-1AOCC002.47","River/Stream",38.64028,-77.22222
"278","CBP_WQX-XCD6674","River/Stream",38.276,-76.7095
"279","CBP_WQX-XEG8519","River/Stream",38.6414,-76.3023
"280","CBP_WQX-XHH4916","River/Stream",39.0818,-76.1392
"281","CBP_WQX-XHH4742","River/Stream",39.07807,-76.0972
"282","CBP_WQX-XCE1407","River/Stream",38.1894,-76.6556
"283","CBP_WQX-XBF6903","River/Stream",37.9483,-76.3283
"284","CBP_WQX-XBE9300","River/Stream",38.1543,-76.6659
"285","CBP_WQX-XCD3765","River/Stream",38.2272,-76.7247
"286","CBP_WQX-XDB4877","River/Stream",38.4142,-77.0391
"287","CBP_WQX-XFG0809","River/Stream",38.6797,-76.3173
"288","CBP_WQX-XDC3807","River/Stream",38.396,-76.9891
"289","CBP_WQX-XJH2362","River/Stream",39.3717,-76.06252
"290","CBP_WQX-XEG8593","River/Stream",38.6428,-76.178
"291","CBP_WQX-CHO0490","River/Stream",38.8506,-75.8497
"292","CBP_WQX-XDB4544","River/Stream",38.4084,-77.1103
"293","CBP_WQX-XCJ5200","River/Stream",38.2535,-75.8324
"294","CBP_WQX-XBE6753","River/Stream",38.1106,-76.5785
"295","CBP_WQX-WIW0144","River/Stream",38.3422,-75.6892
"296","CBP_WQX-XFG5054","River/Stream",38.74935,-76.24397
"297","CBP_WQX-XCD7202","River/Stream",38.2859,-76.83
"298","CBP_WQX-CHO0417","River/Stream",38.7978,-75.9316
"299","CBP_WQX-XDA0338","River/Stream",38.3383,-77.27
"300","CBP_WQX-XEI7405","River/Stream",38.6226,-75.9912
"301","CBP_WQX-AQU0037","River/Stream",38.4205,-77.3532
"302","CBP_WQX-XBF7904","River/Stream",38.1311,-76.4934
"303","CBP_WQX-XDB8278","River/Stream",38.4697,-77.0371
"304","CBP_WQX-XEA6046","River/Stream",38.6,-77.257
"305","CBP_WQX-LMN0028","River/Stream",38.20855,-75.80458
"306","CBP_WQX-XCJ6023","River/Stream",38.26713,-75.79512
"307","CBP_WQX-XEH7912","River/Stream",38.6313,-76.1469
"308","CBP_WQX-XCC8346","River/Stream",38.3054,-76.9239
"309","CBP_WQX-XFH2312","River/Stream",38.7052,-76.1468
"310","CBP_WQX-XFI1515","River/Stream",38.6914,-75.9742
"311","CBP_WQX-XBF0320","River/Stream",38.0056,-76.4679
"312","CBP_WQX-XEG5627","River/Stream",38.5933,-76.2883
"313","CBP_WQX-XDA6515","River/Stream",38.4417,-77.3083
"314","CBP_WQX-XFB8408","River/Stream",38.8079,-77.0321
"315","CBP_WQX-XJI1871","River/Stream",39.36322,-75.88233
"316","CBP_WQX-XCD3596","River/Stream",38.2246,-76.6732
"317","CBP_WQX-XCC9680","River/Stream",38.3255,-76.866
"318","CBP_WQX-XFG0965","River/Stream",38.6821,-76.2252
"319","CBP_WQX-1ANEA000.57","River/Stream",38.6,-77.25692
"320","CBP_WQX-XEG6966","River/Stream",38.6159,-76.2234
"321","CBP_WQX-XFB0500","River/Stream",38.6758,-77.1663
"322","CBP_WQX-CHO0367","River/Stream",38.7575,-75.9967
"323","CBP_WQX-XHH4528","River/Stream",39.0749,-76.1198
"324","CBP_WQX-XEG7539","River/Stream",38.6245,-76.2688
"325","CBP_WQX-XCC4530","River/Stream",38.2415,-76.9503
"326","CBP_WQX-XEH8132","River/Stream",38.6415,-76.1111
"327","CBP_WQX-XCD0517","River/Stream",38.1744,-76.8056
"328","CBP_WQX-XBF3534","River/Stream",38.0595,-76.444
"329","CBP_WQX-XBG2601","River/Stream",38.0443,-76.3334
"330","CBP_WQX-XBF5231","River/Stream",38.0867,-76.4483
"331","CBP_WQX-LE2.3","River/Stream",38.0215,-76.3477
"332","CBP_WQX-WIW0089","River/Stream",38.2966,-75.7585
"333","CBP_WQX-XBD9558","River/Stream",38.1588,-76.7368
"334","CBP_WQX-XBE2100","River/Stream",38.0348,-76.5012
"335","CBP_WQX-COR0056","River/Stream",39.0558,-76.0718
"336","CBP_WQX-1ADOU000.60","River/Stream",38.69778,-77.12111
"337","CBP_WQX-1APOH002.32","River/Stream",38.68028,-77.16917
"338","CBP_WQX-1ANEA000.40","River/Stream",38.6,-77.25694
"339","CBP_WQX-1BSSF100.10","Channelized Stream",38.3129,-78.77003
"340","CBP_WQX-XKI3890","River/Stream",39.564,-75.8501
"341","CBP_WQX-XKH2797","River/Stream",39.5443,-76.0049
"342","CBP_WQX-CB7.4","River/Stream",36.9957,-76.02048
"343","CBP_WQX-XKH2870","River/Stream",39.546,-76.0494
"344","CBP_WQX-XKH6126","River/Stream",39.6001,-76.1239
"345","CBP_WQX-CB6.1","River/Stream",37.58847,-76.16216
"346","CBP_WQX-RET4.3","River/Stream",37.50869,-76.78889
"347","CBP_WQX-LE3.6","River/Stream",37.5968,-76.28467
"348","CBP_WQX-CB6.4","River/Stream",37.23653,-76.20799
"349","CBP_WQX-CB7.3E","River/Stream",37.22875,-76.05383
"350","CBP_WQX-SBE5","River/Stream",36.76987,-76.29605
"351","CBP_WQX-XJI8641","River/Stream",39.4764,-75.931
"352","CBP_WQX-LE5.5-W","River/Stream",36.99903,-76.31328
"353","CBP_WQX-XBF0956","River/Stream",38.12,-76.41
"354","CBP_WQX-XJI8018","River/Stream",39.4663,-75.9697
"355","CBP_WQX-XJI8369","River/Stream",39.4713,-75.8857
"356","CBP_WQX-GBO0013","River/Stream",39.4637,-75.8383
"357","CBP_WQX-TF4.2","River/Stream",37.57999,-77.02128
"358","CBP_WQX-XJI8856","River/Stream",39.4805,-75.9068
"359","CBP_WQX-XGG8458","River/Stream",38.9734,-76.23669
"360","CBP_WQX-XCD1466","River/Stream",38.1896,-76.7231
"361","CBP_WQX-XDB8884","River/Stream",38.47963,-77.02748
"362","CBP_WQX-XGG8359","River/Stream",38.97128,-76.23573
"363","CBP_WQX-XJI2396","River/Stream",39.37225,-75.83987
"364","CBP_WQX-LE5.6","River/Stream",36.90456,-76.33836
"365","CBP_WQX-XJI2342","River/Stream",39.3712,-75.9286
"366","CBP_WQX-WE4.2","River/Stream",37.24181,-76.38634
"367","CBP_WQX-TF5.5","River/Stream",37.31265,-77.23283
"368","CBP_WQX-XKI0256","River/Stream",39.5039,-75.9075
"369","CBP_WQX-XBE6983","River/Stream",38.115,-76.5283
"370","CBP_WQX-XKH2949","River/Stream",39.5478,-76.0848
"371","CBP_WQX-RET5.2","River/Stream",37.20294,-76.78219
"372","CBP_WQX-XCD0340","River/Stream",38.1715,-76.7656
"373","CBP_WQX-XKI5022","River/Stream",39.5831,-75.9638
"374","CBP_WQX-XJH6868","River/Stream",39.4475,-76.0525
"375","CBP_WQX-XJH5342","River/Stream",39.4209,-76.096
"376","CBP_WQX-XJH5080","River/Stream",39.4167,-76.0333
"377","CBP_WQX-XJH9299","River/Stream",39.4866,-76.0006
"378","CBP_WQX-XKH3508","River/Stream",39.5583,-75.9867
"379","CBP_WQX-LBO0010","River/Stream",39.4484,-75.8449
"380","CBP_WQX-XKH0375","River/Stream",39.5053,-76.0414
"381","CBP_WQX-LE3.3","River/Stream",37.68842,-76.47442
"382","CBP_WQX-RET3.1","River/Stream",37.9173,-76.8222
"383","CBP_WQX-XEA8467","River/Stream",38.66,-77.23
"384","CBP_WQX-XKI2475","River/Stream",39.5387,-75.875
"385","CBP_WQX-2-JMS113.20","Channelized Stream",37.53142,-77.4837
"386","CBP_WQX-XJH8658","River/Stream",39.4767,-76.0709
"387","CBP_WQX-XKI2616","River/Stream",39.5429,-75.9735
"388","CBP_WQX-TF3.3","River/Stream",38.01847,-76.90928
"389","CBP_WQX-XJH9748","River/Stream",39.4943,-76.0876
"390","CBP_WQX-XJI2112","River/Stream",39.3689,-75.9792
"391","CBP_WQX-EBB01","River/Stream",36.83611,-76.24444
"392","CBP_WQX-LE5.2","River/Stream",37.056,-76.59306
"393","CBP_WQX-XCG5495","River/Stream",38.2565,-76.1743
"394","CBP_WQX-XDG1188","River/Stream",38.3523,-76.1862
"395","CBP_WQX-XCG9168","River/Stream",38.3191,-76.2196
"396","CBP_WQX-XCH6533","River/Stream",38.2746,-76.1114
"397","CBP_WQX-XJG7461","River/Stream",39.45821,-76.23227
"398","CBP_WQX-LFA01","River/Stream",36.9082,-76.3146
"399","CBP_WQX-XCF1440","River/Stream",38.1893,-76.4339
"400","CBP_WQX-LE4.2","River/Stream",37.29044,-76.57811
"401","CBP_WQX-XCH7507","River/Stream",38.2903,-76.1548
"402","CBP_WQX-XDN6921","River/Stream",38.44902,-75.13245
"403","CBP_WQX-XBF7254","River/Stream",38.12,-76.41
"404","CBP_WQX-XCE0055","River/Stream",38.16667,-76.575
"405","CBP_WQX-LE3.4","River/Stream",37.63189,-76.44486
"406","CBP_WQX-LE5.3","River/Stream",36.99044,-76.47544
"407","CBP_WQX-ELD01","River/Stream",36.86556,-76.32899
"408","CBP_WQX-LE4.3","River/Stream",37.23392,-76.43094
"409","CBP_WQX-RET4.1","River/Stream",37.52564,-76.86761
"410","CBP_WQX-ELE01","River/Stream",36.84833,-76.29806
"411","CBP_WQX-LE3.1","River/Stream",37.75925,-76.61592
"412","CBP_WQX-LE3.2","River/Stream",37.66914,-76.55047
"413","CBP_WQX-LE4.1","River/Stream",37.41883,-76.69125
"414","CBP_WQX-LXT0200","Channelized Stream",39.16775,-76.85125
"415","CBP_WQX-NWA0016","Channelized Stream",38.95223,-76.96606
"416","CBP_WQX-WCK0001","Channelized Stream",39.48172,-76.34053
"417","CBP_WQX-MKB0016","Channelized Stream",38.21389,-75.67139
"418","CBP_WQX-LE5.4","River/Stream",36.95486,-76.39275
"419","CBP_WQX-MGN0062","Channelized Stream",39.28003,-76.01456
"420","CBP_WQX-EBE1","River/Stream",36.8407,-76.28911
"421","CBP_WQX-302031","Channelized Stream",38.84972,-75.67333
"422","CBP_WQX-TF5.4","River/Stream",37.3124,-77.29133
"423","CBP_WQX-SBE2","River/Stream",36.8134,-76.2903
"424","CBP_WQX-304191","Channelized Stream",38.72917,-75.56139
"425","CSKTRIBE-FHR-FPO7726","River/Stream",47.69517529,-114.16887621
"426","CBP_WQX-1646580","Channelized Stream",38.92955,-77.11692
"427","CBP_WQX-CVA0046","Channelized Stream",39.25475,-77.57636
"428","CBP_WQX-WIL0065","Channelized Stream",39.7185,-78.77097
"429","CBP_WQX-1594440","Channelized Stream",38.95583,-76.69333
"430","CBP_WQX-1578310","Channelized Stream",39.65872,-76.17412
"431","CBP_WQX-TF4.4","River/Stream",37.7228,-77.02566
"432","CSKTRIBE-FHR-FPB1126","River/Stream",47.36753906,-114.57832671
"433","CBP_WQX-1491000","Channelized Stream",38.99722,-75.78611
"434","CBP_WQX-1581752","River/Stream",39.49638,-76.34778
"435","MASSDEP-W1602","Lake",41.81779985,-70.61697112
"436","CBP_WQX-1654000","River/Stream",38.81273,-77.22872
"437","CBP_WQX-LE5.1","River/Stream",37.20297,-76.64833
"438","MASSDEP-W0762","Lake",41.80918339,-70.61753091
"439","CBP_WQX-01581752","Channelized Stream",39.49638,-76.34778
"440","CBP_WQX-SID0015","Channelized Stream",39.64935,-78.34415
"441","CBP_WQX-01646580","River/Stream",38.92955,-77.11692
"442","CBP_WQX-01491000","River/Stream",38.99722,-75.78611
"443","CBP_WQX-1651800","River/Stream",38.90122,-76.94304
"444","CBP_WQX-LIC0042","Channelized Stream",39.67628,-78.04194
"445","CBP_WQX-01654000","Channelized Stream",38.81273,-77.22872
"446","MHA_NATN-GARLK1512DW","Reservoir",48.1409722222,-103.1312777778
"447","MHA_NATN-06337470","River/Stream",47.6,-102.51055556
"448","CBP_WQX-1651770","River/Stream",38.91603,-76.96856
"449","CBP_WQX-TOC0037","Channelized Stream",39.70636,-78.15275
"450","CBP_WQX-01578310","River/Stream",39.65872,-76.17412
"451","CBP_WQX-1648010","River/Stream",38.96035,-77.04217
"452","MHA_NATN-GARNFMORR1","Reservoir",48.108878,-103.716773
"453","CBP_WQX-01594440","River/Stream",38.95583,-76.69333
"454","MHA_NATN-GARLK1390A","Reservoir",47.50752778,-101.42019444
"455","MHA_NATN-06332523","River/Stream",47.9486111111,-102.2152777778
"456","MHA_NATN-GARLK1481DW","Reservoir",47.97763889,-102.56369444
"457","MHA_NATN-06332520","River/Stream",48.05305556,-102.13611111
"458","MHA_NATN-GARLK1412DW","Reservoir",47.51977778,-101.76122222
"459","MHA_NATN-GARLK1445DW","Reservoir",47.71555556,-102.25813889
"460","MHA_NATN-06337480","River/Stream",47.6408333333,-102.5111111111
"461","MHA_NATN-06332515","River/Stream",47.78722222,-102.768056
"462","MHA_NATN-06332770","River/Stream",47.7372222222,-102.1072222222
"463","CSKTRIBE-JCK-JNM0090","River/Stream",47.31289659,-114.29900495
"464","CSKTRIBE-JCK-FNM0003","River/Stream",47.17821961,-114.10177865
"465","CSKTRIBE-LBR-LHS2822","River/Stream",47.60679277,-114.54065068
"466","CSKTRIBE-CRW-CNM0015","River/Stream",47.47095447,-114.27828719
"467","FORTPECK-MoRiv_RK 113.4","River/Stream",48.069571,-105.022393
"468","FORTPECK-MoRiv_RK 143.1","River/Stream",48.073402,-105.222216
"469","CSKTRIBE-CRW-MUD0329","River/Stream",47.50908053,-114.18232476
"470","CSKTRIBE-MSN-MBR0453","River/Stream",47.3696582,-114.2508011
"471","CSKTRIBE-LBR-LNM0046","River/Stream",47.48486312,-114.33583926
"472","FORTPECK-MoRiv_RK 232.2","River/Stream",48.013112,-106.046604
"473","CSKTRIBE-LBR-LCA6017","River/Stream",47.8285405,-114.67932381
"474","CSKTRIBE-FLT-DAY0084","River/Stream",47.86677428,-114.29703322
"475","CSKTRIBE-CRW-SPM0085","River/Stream",47.49468167,-114.12503031
"476","CSKTRIBE-LBR-HSC0785","River/Stream",47.61100598,-114.69138843
"477","CSKTRIBE-CRW-STC0201","River/Stream",47.54365759,-114.14293612
"478","CSKTRIBE-CRW-CAR0731","River/Stream",47.4974402,-114.18199799
"479","MDEQ_REM_WQX-SS-15G","River/Stream",46.0217,-112.79029
"480","FORTPECK-MoRiv_RK210.6","River/Stream",48.027172,-105.882289
"481","MDEQ_REM_WQX-SS-15A","River/Stream",46.0217,-112.78969
"482","CBP_WQX-RET5.1A","River/Stream",37.3123,-76.87672
"483","FORTPECK-MoRiv_RK183.6","River/Stream",48.059764,-105.642476
"484","FORTPECK-PoplR_RK0","River/Stream",48.083538,-105.187289
"485","FORTPECK-MoRiv_RK267.3","River/Stream",48.048845,-106.366362
"486","FORTPECK-MoRiv_RK156.6","River/Stream",48.090073,-105.364855
"487","FORTPECK-MoRiv_RK178.2","River/Stream",48.075361,-105.608986
"488","FORTPECK-MilkR_RK00","River/Stream",48.057222,-106.318809
"489","MDEQ_WQ_WQX-Y17YELSR08","River/Stream",46.2774,-106.4828
"490","MDEQ_WQ_WQX-Y17ARWFC25","River/Stream",46.03609,-106.80441
"491","MDEQ_WQ_WQX-Y12YELSR04","River/Stream",46.14061,-107.58434
"492","MDEQ_WQ_WQX-Y17AREFC60","River/Stream",45.90394,-106.6328
"493","MDEQ_WQ_WQX-Y17YELSR09","River/Stream",46.2658,-106.6924
"494","MDEQ_WQ_WQX-Y04STILR08","River/Stream",45.62115,-109.29034
"495","MDEQ_WQ_WQX-Y02SHLDR50","River/Stream",45.7264,-110.4629
"496","MDEQ_WQ_WQX-Y12YELSR20","River/Stream",46.0755,-107.7226
"497","MDEQ_WQ_WQX-Y17ARWFC03","River/Stream",45.946,-106.83245
"498","MDEQ_WQ_WQX-Y03YELSR26","River/Stream",45.597222,-110.565278
"499","MDEQ_WQ_WQX-Y11BIGH01","River/Stream",46.142222,-107.467222
"500","MDEQ_WQ_WQX-Y17AREFC73","River/Stream",45.87956,-106.62438
"501","MDEQ_WQ_WQX-Y17AREFC06","River/Stream",46.09358,-106.75558
"502","MDEQ_WQ_WQX-Y03BOULR01","River/Stream",45.833889,-109.938056
"503","MDEQ_WQ_WQX-Y12YELSR02","River/Stream",45.87309,-108.3513
"504","MDEQ_WQ_WQX-Y06YELSR02","River/Stream",45.72063,-109.6357
"505","MDEQ_WQ_WQX-Y06YELSR60","River/Stream",45.62017,-109.23498
"506","MDEQ_WQ_WQX-Y06YELSR04","River/Stream",45.6206,-109.2339
"507","MDEQ_WQ_WQX-Y05CFYR999","River/Stream",45.65,-108.714722
"508","MDEQ_WQ_WQX-Y01YELSR90","River/Stream",45.04474,-110.73769
"509","MDEQ_WQ_WQX-Y21PWDRR01","River/Stream",46.74057,-105.42967
"510","MDEQ_WQ_WQX-Y12YELSR03","River/Stream",45.99749,-108.12608
"511","MDEQ_WQ_WQX-Y03YELSR03","River/Stream",45.7442,-110.2324
"512","MDEQ_WQ_WQX-Y23YELLR06","River/Stream",47.75662,-104.05474
"513","MDEQ_WQ_WQX-Y01YELSR03","River/Stream",45.03103,-110.66542
"514","MDEQ_WQ_WQX-Y23YELLR03","River/Stream",46.7763,-105.4067
"515","MDEQ_WQ_WQX-Y03YELSR10","River/Stream",45.057222,-110.753611
"516","MDEQ_WQ_WQX-Y23YELLR55","River/Stream",47.2052,-104.659
"517","MDEQ_WQ_WQX-Y06YSR470","River/Stream",45.736111,-108.530556
"518","MDEQ_WQ_WQX-Y17YELSR30","River/Stream",46.371,-105.934
"519","MDEQ_WQ_WQX-Y17AREFC50","River/Stream",45.91932,-106.64246
"520","MDEQ_WQ_WQX-Y01GARDR01","River/Stream",45.030833,-110.699722
"521","MDEQ_WQ_WQX-Y17ARMLC95","River/Stream",46.10195,-106.7629
"522","MDEQ_WQ_WQX-Y12YELSR97","River/Stream",45.8087,-108.4558
"523","MDEQ_WQ_WQX-Y17AREFC65","River/Stream",45.89012,-106.62317
"524","MDEQ_WQ_WQX-Y06YELSR05","River/Stream",45.65,-108.73297
"525","MDEQ_WQ_WQX-Y17ARMLC15","River/Stream",46.23941,-106.81545
"526","MDEQ_WQ_WQX-Y17YELSR93","River/Stream",46.254,-107.3441
"527","MDEQ_WQ_WQX-Y17ARMLC60","River/Stream",46.1508,-106.79743
"528","MDEQ_WQ_WQX-Y12YELSR90","River/Stream",45.8519,-108.3884
"529","MDEQ_WQ_WQX-Y23YELLR50","River/Stream",47.2797,-104.5256
"530","MDEQ_WQ_WQX-Y06YELSR01","River/Stream",45.6103,-108.8414
"531","MDEQ_WQ_WQX-Y23YELLR01","River/Stream",47.673611,-104.1575
"532","MDEQ_WQ_WQX-Y12YELSR01","River/Stream",45.80958,-108.45826
"533","MDEQ_WQ_WQX-Y03YELSR13","River/Stream",45.111389,-110.793611
"534","MDEQ_WQ_WQX-Y16TONGR02","River/Stream",46.385833,-105.845278
"535","MDEQ_WQ_WQX-Y01YELSR01","River/Stream",45.02994,-110.70121
"536","MDEQ_WQ_WQX-Y06YELSR20","River/Stream",45.69327,-108.64031
"537","MDEQ_WQ_WQX-Y17YELSR85","River/Stream",46.2937,-107.0911
"538","MDEQ_WQ_WQX-M10SHEPC12","River/Stream",46.80419,-111.18297
"539","MDEQ_WQ_WQX-Y06YEGND99","River/Stream",45.795278,-108.471667
"540","FORTPECK-MoRiv_RK 133","River/Stream",48.0944,-105.1692
"541","MDEQ_WQ_WQX-M10SMTHR95","River/Stream",46.54844,-111.00903
"542","MDEQ_WQ_WQX-M10SMTHR05B","River/Stream",47.39994,-111.48016
"543","MDEQ_WQ_WQX-M10SMTHR06","River/Stream",46.80217,-111.18026
"544","MDEQ_WQ_WQX-BKK130","River/Stream",46.828,-111.1924
"545","MDEQ_WQ_WQX-M10SMTHR40","River/Stream",46.97724,-111.28577
"546","MDEQ_WQ_WQX-M10SMTHR01","River/Stream",47.23615,-111.3888
"547","MDEQ_WQ_WQX-M10SMTHR74","River/Stream",46.72802,-111.17576
"548","MDEQ_WQ_WQX-M09MISSR26","River/Stream",46.17368,-111.44572
"549","MDEQ_WQ_WQX-M12MISSR43","River/Stream",47.53405,-111.19879
"550","MDEQ_WQ_WQX-M12DRBNR01","River/Stream",47.198611,-112.093056
"551","MDEQ_WQ_WQX-M06MADNR13","River/Stream",45.9259,-111.5036
"552","MT305B_SECONDARYDATA-LC-4","River/Stream",48.35521,-115.84843
"553","MDEQ_WQ_WQX-M12MISSR10","River/Stream",47.91465,-110.49796
"554","MDEQ_WQ_WQX-M12MISSR13","River/Stream",47.81744,-110.66698
"555","MDEQ_WQ_WQX-M12MISSR08","River/Stream",47.58581,-111.06059
"556","MDEQ_WQ_WQX-M12MISSR12","River/Stream",47.49238,-111.3154
"557","MDEQ_WQ_WQX-M10SHEPC01","River/Stream",46.80718,-111.16107
"558","MDEQ_WQ_WQX-M09LHLNO01","Lake",46.701972,-111.90111
"559","MDEQ_WQ_WQX-M12MISSR07","River/Stream",47.40202,-111.34716
"560","MDEQ_WQ_WQX-M12MISSR47","River/Stream",47.52128,-111.25749
"561","MDEQ_WQ_WQX-M09MISSR21","River/Stream",46.0417,-111.4254
"562","MDEQ_WQ_WQX-M09MISSR10","River/Stream",46.995,-112.01
"563","MDEQ_WQ_WQX-M12MISSR06","River/Stream",47.43039,-111.50091
"564","MDEQ_WQ_WQX-M12MISSR38","River/Stream",47.56662,-111.11597
"565","MDEQ_WQ_WQX-M09MISSR70","River/Stream",46.26614,-111.49271
"566","MDEQ_WQ_WQX-M12MISSR11","River/Stream",47.19972,-111.77513
"567","MDEQ_WQ_WQX-M09MISSR23","River/Stream",47.02077,-112.01475
"568","MDEQ_WQ_WQX-M12MISSR15","River/Stream",47.5083,-111.3094
"569","MDEQ_WQ_WQX-M05GALLR02","River/Stream",45.933117,-111.4922
"570","MDEQ_WQ_WQX-Y01BEARC04","River/Stream",45.03194,-110.66556
"571","MDEQ_WQ_WQX-M13SUNR08","River/Stream",47.49132,-111.32985
"572","MDEQ_WQ_WQX-M12MISSR41","River/Stream",47.55413,-111.14826
"573","NTHRNUTE-DWD","River/Stream",40.10786183,-109.693652
"574","MDEQ_WQ_WQX-M09MISSR18","River/Stream",46.3519,-111.523
"575","MDEQ_WQ_WQX-M09LPPRC09","River/Stream",47.00526,-112.07061
"576","MDEQ_WQ_WQX-M10SMTHR20","River/Stream",47.03213,-111.28632
"577","NTHRNUTE-WMF","River/Stream",40.03862,-109.459512
"578","MDEQ_WQ_WQX-M08JEFFR42","River/Stream",45.89754,-111.59444
"579","MDEQ_WQ_WQX-M12MISSR97","River/Stream",47.0563,-111.96747
"580","MTVOLWQM_WQX-SP-7","River/Stream",48.1392,-114.7127
"581","MDEQ_WQ_WQX-M09MISSR27","River/Stream",46.76517,-111.88947
"582","MT305B_SECONDARYDATA-LC-1","River/Stream",48.30413,-115.86556
"583","MT305B_SECONDARYDATA-LC-2","River/Stream",48.32901,-115.86549
"584","MDEQ_WQ_WQX-M09MISSR07","River/Stream",46.6545,-111.7358
"585","MDEQ_WQ_WQX-M12MISSR75","River/Stream",47.28156,-111.68991
"586","UTEMTN-WC-MR","River/Stream",37.215379,-108.34008
"587","UTEMTN-MR-STL","River/Stream",37.002499,-108.94202
"588","UTEMTN-MR-WC1","River/Stream",37.215363,-108.34028
"589","UTEMTN-MR-WC2","River/Stream",37.214906,-108.34022
"590","UTEMTN-SJ-4C","River/Stream",37.001113,-109.029585
"591","MDEQ_WQ_WQX-M18MARIR08","River/Stream",47.931389,-110.506944
"592","UTEMTN-NW-CRA","River/Stream",37.224972,-108.68907
"593","UTEMTN-ME-UTE","River/Stream",37.338,-108.756
"594","UTEMTN-MR-GS","River/Stream",37.027271,-108.74191
